genre_category,artist_genres
Other,zimdancehall
Hip-Hop,viral rap
Pop,viral pop
Other,video game music
International,venezuelan hip hop
Other,vapor twitch
International,vancouver indie
International,urbano espanol
Hip-Hop,"underground hip hop, vapor trap"
Hip-Hop,underground hip hop
International,uk pop
International,uk hip hop
International,uk funky
International,uk dance
International,"uk contemporary r&b, uk pop"
International,"uk contemporary r&b, uk dance, uk pop"
International,"turkish hip hop, turkish trap pop"
International,"turkish hip hop, turkish trap"
Other,tropical house
Hip-Hop,"trap, viral rap"
Hip-Hop,trap soul
Hip-Hop,"trap queen, viral rap"
Hip-Hop,trap queen
International,"trap latino, trap venezolano, venezuelan hip hop"
International,trap latino
International,"trap chileno, trap latino, urbano chileno, urbano espanol"
International,"trap chileno, trap latino, urbano chileno"
International,"trap argentino, trap triste"
International,"trap argentino, trap latino"
Hip-Hop,trap
International,"talent show, uk pop"
International,"swedish pop, tropical house"
International,swedish pop
International,swedish electropop
Other,"speedrun, video game music"
International,spanish pop
International,spanish indie pop
International,"south african hip hop, spiritual hip hop"
International,south african hip hop
Pop,social media pop
Other,"smooth jazz, smooth saxophone"
Other,slap house
Other,show tunes
Other,"sertanejo, sertanejo pop, sertanejo universitario"
Other,scandipop
Hip-Hop,san diego rap
Hip-Hop,sad rap
Hip-Hop,"sad lo-fi, sad rap"
Other,sad lo-fi
International,russian dance
Rock,"rock-and-roll, rockabilly"
International,rock en espanol
Other,ritmo kombina
International,"reggaeton, trap latino"
International,"reggaeton, reggaeton flow, trap latino"
International,"reggaeton, reggaeton flow, trap boricua, trap latino"
International,"reggaeton, reggaeton flow, trap argentino, trap latino"
International,"reggaeton, reggaeton colombiano, trap latino"
Other,"reggaeton, reggaeton colombiano"
International,"reggaeton flow, trap brasileiro"
Other,reggaeton flow
Hip-Hop,"rap, trap, vapor trap"
Hip-Hop,"rap, trap"
International,rap romantico
Hip-Hop,rap rock
Hip-Hop,rap kreyol
International,"rap canario, urbano espanol"
International,"r&b en espanol, reggaeton, trap latino"
International,"r&b en espanol, rap latina"
International,r&b en espanol
International,"r&b brasileiro, rap cearense, trap brasileiro"
International,"puerto rican pop, trap latino"
International,"puerto rican pop, reggaeton, trap latino"
Pop,post-teen pop
Other,"post-romantic era, ukrainian classical"
International,"pop, uk pop"
International,"pop, talent show, uk pop"
Hip-Hop,"pop, rap, trap"
Hip-Hop,"pop, rap"
Pop,"pop, r&b, urban contemporary"
Pop,"pop, r&b, uk contemporary r&b, uk pop"
Pop,"pop, r&b, uk contemporary r&b"
Pop,"pop, r&b, soul"
Hip-Hop,"pop, r&b, rap, urban contemporary"
Pop,"pop, r&b, rap, toronto rap, trap, urban contemporary"
Pop,"pop, r&b, rap, rap latina, trap queen"
Hip-Hop,"pop, r&b, rap"
Pop,"pop, r&b"
Pop,"pop, post-teen pop, uk pop"
Pop,"pop, post-teen pop, r&b"
Pop,"pop, post-teen pop"
Hip-Hop,"pop, pop rap, rhode island rap, viral rap"
Hip-Hop,"pop, pop rap, rap, viral rap"
Hip-Hop,"pop, pop rap, r&b"
Pop,"pop, pop r&b"
International,"pop venezolano, reggaeton, trap latino"
Pop,pop urbaine
Pop,pop soul
Pop,pop reggaeton
Pop,"pop rap, trap soul"
Pop,"pop rap, seattle hip hop"
Pop,"pop rap, reggae fusion"
Pop,"pop rap, rap, virginia hip hop"
Pop,"pop rap, rap, trap, viral trap"
Pop,"pop rap, rap, trap, viral rap"
Pop,pop rap
Pop,"pop r&b, pop rap, r&b"
Pop,pop r&b
Pop,pop punk
International,"pop flamenco, rumba, spanish pop rock"
Dance,pop edm
Pop,"pop dance, tropical house"
Pop,pop
Rock,"piano rock, viral pop"
Rock,"piano rock, pop, pop rock"
International,"perreo, reggaeton, reggaeton flow, trap latino"
International,"perreo, reggaeton, reggaeton flow"
Other,"permanent wave, pop"
International,"panamanian pop, reggaeton, trap latino"
Other,pagode
Other,"orchestral soundtrack, soundtrack"
Hip-Hop,"ohio hip hop, pop, pop rap"
Other,nz pop
Hip-Hop,"nyc rap, trap"
Hip-Hop,"nyc rap, pop rap, rap, southern hip hop, trap"
Hip-Hop,nyc rap
Other,nyc pop
International,"norwegian pop, tropical house"
International,norwegian pop
Hip-Hop,"north carolina hip hop, underground hip hop"
Hip-Hop,"north carolina hip hop, rap, trap"
Hip-Hop,north carolina hip hop
Other,new wave pop
Rock,"new romantic, new wave, new wave pop, permanent wave, soft rock, synthpop"
Hip-Hop,new jersey rap
International,"neoperreo, rap catala, rap latina, trap catala, urbano espanol"
International,"neo soul, uk contemporary r&b"
Other,"neo soul, pop soul, r&b"
Other,neo soul
Other,"neo mellow, singer-songwriter"
International,"neo mellow, pop, uk pop, viral pop"
International,"neo mellow, pop, uk pop"
Rock,"neo mellow, pop, pop rock"
Other,"neo mellow, neo soul, pop, pop soul, r&b, urban contemporary"
Other,musical advocacy
International,"musica jibara, puerto rican folk"
Other,musica canaria
Other,movie tunes
Other,"motown, soul"
Rock,"modern rock, rock"
Rock,"modern rock, post-grunge, rock"
Rock,"modern rock, pop"
Rock,modern rock
Other,"modern reggae, reggae, reggae fusion, roots reggae"
Other,modern reggae
Hip-Hop,"modern indie pop, viral rap"
Other,modern indie pop
International,"modern folk rock, stomp and holler, uk americana"
Rock,"modern alternative rock, modern rock, pop, shimmer pop"
Rock,"modern alternative rock, modern rock, pop, rock"
Hip-Hop,"modern alternative rock, modern rock, pop, pop rap, pop rock, rock, stomp pop"
Rock,modern alternative rock
Other,modern alternative pop
Hip-Hop,"miami hip hop, rap"
Rock,"metropopolis, modern rock, pop, pop rock"
Other,metropopolis
Hip-Hop,"memphis hip hop, viral rap"
Hip-Hop,"memphis hip hop, rap, southern hip hop, trap"
Hip-Hop,"memphis hip hop, rap, southern hip hop, tennessee hip hop, trap, vapor trap, viral rap"
Hip-Hop,"memphis hip hop, rap, southern hip hop, tennessee hip hop, trap"
Hip-Hop,"meme rap, vapor trap, viral rap"
Hip-Hop,"melodic rap, viral rap"
Hip-Hop,"melodic rap, trap"
Hip-Hop,"melodic rap, rap, trap"
Hip-Hop,"melodic rap, rap, rap conscient, trap, vapor trap, viral rap"
Hip-Hop,"melodic rap, pop, pop rap, rap, trap"
Hip-Hop,"melodic rap, pop, pop rap"
Hip-Hop,"melodic rap, pop rap, rap, trap, vapor trap, viral rap"
Hip-Hop,"melodic rap, pop rap, rap, slap house, trap"
Hip-Hop,"melodic rap, pluggnb, rap"
Hip-Hop,"melodic rap, plugg, underground hip hop, vapor trap"
Hip-Hop,"melodic rap, philly rap, rap, trap"
International,"melodic metalcore, metalcore, rock, uk metalcore"
Other,melbourne bounce
International,"mariachi, musica mexicana, nueva musica mexicana, ranchera"
Other,man's orchestra
International,london rap
Other,light music
Other,"lgbtq+ hip hop, pop"
International,"latin viral pop, pop, rap latina, reggaeton"
International,"latin viral pop, pop venezolano"
International,"latin pop, viral pop"
International,"latin pop, reggaeton, reggaeton flow, trap latino"
International,"latin pop, reggaeton chileno, trap chileno"
International,"latin pop, puerto rican pop"
International,"latin pop, pop venezolano, reggaeton, trap latino"
International,"latin pop, pop argentino"
International,"latin pop, modern salsa, salsa, tropical"
International,"latin pop, mexican pop"
International,"latin pop, latin viral pop, mexican pop, pop"
International,"latin pop, latin talent show, spanish pop"
International,latin pop
International,"latin hip hop, reggaeton, trap latino"
International,"latin hip hop, reggaeton, reggaeton flow, trap latino"
International,"latin hip hop, reggaeton"
International,"latin hip hop, rap boricua, reggaeton, reggaeton flow, trap latino"
International,"latin hip hop, puerto rican pop, reggaeton, trap latino"
International,"latin hip hop, perreo, reggaeton, reggaeton flow, trap latino"
International,"latin hip hop, perreo, reggaeton, reggaeton colombiano, reggaeton flow, trap latino"
International,"latin hip hop, latin pop, reggaeton, reggaeton flow, trap latino"
International,"latin hip hop, latin pop, rap latina, reggaeton, trap latino"
International,"latin hip hop, latin pop, pop reggaeton, reggaeton, reggaeton flow, trap latino"
International,"latin hip hop, latin pop, panamanian pop, pop peruano, pop reggaeton, reggaeton, trap latino"
International,"latin arena pop, puerto rican pop"
International,"latin arena pop, latin pop, spanish pop"
International,"latin arena pop, latin pop, mexican pop"
Pop,"la pop, pop"
Pop,la pop
Pop,"k-rap, pop"
Pop,k-rap
Pop,"k-pop, k-rap"
Pop,"k-pop, k-pop girl group"
Pop,"k-pop, k-pop boy group"
Pop,k-pop girl group
Pop,k-pop
Hip-Hop,"kentucky hip hop, pop, r&b, rap, trap"
Hip-Hop,"kentucky hip hop, pop rap, rap, southern hip hop, trap"
International,jawaiian
International,"italian pop, italian reggae"
International,italian pop
International,"italian hip hop, trap italiana"
International,"italian hip hop, rap napoletano, trap italiana"
International,"italian hip hop, rap napoletano"
International,"italian hip hop, rap genovese, trap italiana"
International,"italian hip hop, italian underground hip hop, rap sardegna"
International,"italian hip hop, italian underground hip hop, rap napoletano"
International,"italian hip hop, italian pop, trap italiana"
International,"italian hip hop, italian pop, milan indie, rap tunisien"
International,"italian hip hop, italian pop"
International,italian hip hop
International,"italian adult pop, italian pop, italian pop rock"
International,"italian adult pop, italian pop"
International,"italian adult pop, italian indie pop, italian pop, italian pop rock"
International,israeli pop
International,"irish singer-songwriter, pop"
International,"irish rock, pop rock"
International,"irish rock, permanent wave, rock"
International,"irish pop, neo mellow, pop"
Other,instrumental grime
International,"indonesian pop, indonesian singer-songwriter"
Rock,"indietronica, modern rock, rock"
International,indiecoustica
Other,indie soul
Rock,indie rockism
Rock,"indie rock, modern rock, rock"
Rock,"indie rock, modern rock"
International,"indie rock italiano, italian pop"
Other,indie r&b
International,"indie poptimism, pop, pop rock, uk pop"
Other,"indie poptimism, pop"
Rock,"indie poptimism, modern alternative rock, modern rock, stomp and holler"
Rock,"indie poptimism, modern alternative rock"
Rock,"indie pop, modern rock, pop"
Rock,"indie pop, indie rock, modern rock, washington indie"
Hip-Hop,"indie pop rap, pop rap, underground hip hop"
Hip-Hop,"indie pop rap, pop rap"
Hip-Hop,"indie pop rap, oakland hip hop, pop, pop rap, rap"
Other,"indie folk, stomp and holler"
International,"indie anthem-folk, pop, uk pop"
International,"icelandic indie, icelandic rock, modern alternative rock, modern rock"
Other,"hyperpop, weirdcore"
Other,hyperpop francais
Hip-Hop,"houston rap, viral rap"
Hip-Hop,"houston rap, pop, rap, trap queen"
Other,"hollywood, vapor pop"
Other,"hollywood, show tunes"
Other,"hollywood, post-teen pop, show tunes"
Other,"hollywood, pop, post-teen pop, show tunes"
Other,hollywood
Hip-Hop,"hip pop, neo soul, pop, r&b, urban contemporary"
Hip-Hop,"hip hop, virginia hip hop"
Hip-Hop,"hip hop, rap, underground hip hop"
Hip-Hop,"hip hop, rap, trap"
Hip-Hop,"hip hop, rap, slap house"
Hip-Hop,"hip hop, rap"
Hip-Hop,"hip hop, queens hip hop, rap, sudanese hip hop, sudanese pop, underground hip hop"
Hip-Hop,"hip hop, pop, portland hip hop, rap"
Hip-Hop,"hip hop, pop rap, rap, southern hip hop, trap, virginia hip hop"
Hip-Hop,"hip hop, pop rap, rap, southern hip hop, trap, underground hip hop, virginia hip hop"
Hip-Hop,"hip hop, pop rap, rap"
Hip-Hop,"hip hop, pop"
Hip-Hop,"hip hop, pluggnb, rap, trap, vapor trap, viral rap"
Hip-Hop,"hip hop, pittsburgh rap, rap"
Hip-Hop,"hip hop, philly rap, pop rap, rap, southern hip hop, trap"
Hip-Hop,"hip hop, ohio hip hop, rap"
Hip-Hop,"hip hop, new orleans rap, pop rap, rap, trap"
Hip-Hop,"hip hop, miami hip hop, pop rap, rap, southern hip hop, trap"
Hip-Hop,"hip hop, memphis hip hop, rap, southern hip hop, tennessee hip hop, trap"
Hip-Hop,"hip hop, melodic rap, pop rap, rap, southern hip hop, trap"
Hip-Hop,"hip hop, melodic rap, mississippi hip hop, pop rap, rap, southern hip hop, trap"
Hip-Hop,"hip hop, lgbtq+ hip hop, neo soul, pop"
Hip-Hop,hip hop
Rock,"heartland rock, mellow gold, rock"
Hip-Hop,"hawaiian hip hop, rap"
Hip-Hop,hardcore hip hop
International,guaracha
Rock,"grunge, permanent wave, rock"
International,"grime, uk hip hop, ukg revival"
International,"grime, uk hip hop"
International,"grime, london rap, uk alternative hip hop, uk hip hop"
International,"greek pop, laiko"
International,gqom
Other,gospel
Other,golden age hip hop
Rock,"glam rock, mellow gold, piano rock"
International,"german pop, uk pop"
International,"german pop, german singer-songwriter"
International,german pop
International,"german hip hop, swedish hip hop"
International,"german hip hop, hamburg hip hop"
International,"german hip hop, german underground rap, latin hip hop, reggaeton"
International,"german hip hop, german trap, hamburg hip hop"
International,"german hip hop, german trap"
International,"german hip hop, german pop, german underground rap"
International,german hip hop
International,german drill
International,"german dance, german techno, german trance, trance"
International,"german cloud rap, german hip hop, hamburg hip hop"
International,"german cloud rap, german hip hop"
International,"german alternative rap, german hip hop, german trap, tekk"
International,"german alternative rap, german drill, german hip hop"
Other,"gauze pop, indietronica, shiver pop"
Other,gauze pop
Rock,"garage rock, modern rock, permanent wave, rock, sheffield indie"
Hip-Hop,"gangster rap, hip hop, pop rap, rap, southern hip hop, trap, underground hip hop"
Hip-Hop,"gangster rap, hip hop, pop rap, rap, southern hip hop, trap"
Hip-Hop,"g funk, gangster rap, hip hop, pop rap, rap, west coast rap"
International,"funk, indie r&b, motown, quiet storm, soul"
International,"funk carioca, pop nacional"
International,"funk carioca, funk pop, pop lgbtq+ brasileira, pop nacional"
International,"funk carioca, funk pop, pagode baiano, pop, pop nacional"
International,"funk carioca, funk pop"
International,"funk carioca, funk paulista"
International,"funk carioca, funk ostentacao, funk paulista"
International,"funk carioca, funk mtg, funk ostentacao, funk paulista"
International,"funk carioca, funk mtg"
International,"funk carioca, funk das antigas, funk pop"
International,"funk carioca, funk das antigas"
International,"funk carioca, funk consciente, funk ostentacao, funk paulista"
International,funk carioca
International,"funk bh, funk carioca, funk mtg, funk ostentacao"
International,"funk 150 bpm, funk carioca, pop lgbtq+ brasileira"
International,"funk 150 bpm, funk carioca"
International,"french hip hop, pop urbaine, rap marseille"
International,"french hip hop, pop urbaine, rap francais, rap marseille"
International,"french hip hop, pop urbaine, rap francais"
International,"french hip hop, pop urbaine, rap conscient"
International,"french hip hop, pop urbaine"
International,"french hip hop, old school rap francais, pop urbaine, rap conscient"
International,"frauenrap, german hip hop, kosovan pop, romanian pop"
International,"frauenrap, german hip hop, german pop, german singer-songwriter"
International,"frauenrap, german hip hop, german pop"
International,"frauenrap, german hip hop"
International,"frauenrap, german drill, german hip hop"
International,"francoton, rap marseille"
International,"francoton, french pop"
International,"francoton, french hip hop, rap conscient"
International,"francoton, french hip hop, pop urbaine, rap marseille"
International,"francoton, french hip hop, pop urbaine, rap francais, rap marseille"
International,"francoton, french hip hop, pop urbaine, rap francais"
International,francoton
International,"forro, sertanejo pop"
International,"forro, funk carioca, sertanejo pop"
Rock,"folk-pop, pop, pop rock"
Other,"folk-pop, neo-singer-songwriter"
Other,"folk-pop, neo mellow"
International,"folk-pop, irish pop, pop, uk pop"
Hip-Hop,"florida rap, viral rap"
Hip-Hop,"florida rap, hip hop, melodic rap, miami hip hop, rap, trap"
Hip-Hop,florida rap
International,"flamenco urbano, urbano espanol"
Other,finnish pop
Other,"experimental, experimental pop"
International,"eurovision, israeli pop"
International,"europop, post-teen pop"
International,"eurodance, europop, italo dance"
International,eurodance
Hip-Hop,"escape room, minnesota hip hop, pop, trap queen"
Other,escape room
Rock,"emo, modern rock"
Hip-Hop,"emo rap, underground hip hop"
Hip-Hop,"emo rap, sad rap, vapor trap"
Hip-Hop,"emo rap, rap, trap"
Hip-Hop,"emo rap, miami hip hop, rap, trap, viral rap"
Hip-Hop,"emo rap, miami hip hop"
Hip-Hop,"emo rap, lgbtq+ hip hop"
Hip-Hop,"electropop, pop, pop rap"
Dance,"electropop, pop"
Dance,"electropop, norwegian pop, tropical house"
Dance,"electropop, metropopolis, neo-synthpop, shimmer pop"
Dance,"electropop, indie poptimism, pop, pop dance, tropical house, uk pop"
Dance,"electropop, indie poptimism, pop edm, uk pop"
Dance,"electropop, indie poptimism, norwegian pop, uk pop, vapor pop"
Dance,"electropop, indie poptimism, la pop, pop dance, tropical house, uk pop"
Hip-Hop,"electropop, indie pop rap, pop, pop rap"
Dance,"electropop, escape room, pop"
Dance,electropop
Dance,"electronica, indie soul, uk alternative pop, uk pop"
International,"electronica, indie r&b, indie soul, uk alternative pop, uk pop"
Dance,"electro, filter house"
International,"electro latino, latin pop, reggaeton, trap latino"
International,"electro latino, latin hip hop, reggaeton, trap latino"
International,"electro latino, latin hip hop, latin pop, trap latino, tropical"
Dance,"electro house, pop nacional, slap house"
Dance,electro house
Dance,"edm, pop, pop dance, tropical house"
Dance,"edm, pop dance, tropical house"
Dance,"edm, pop dance, progressive electro house, swedish pop"
Dance,"edm, melodic dubstep, pop, pop dance, tropical house"
Dance,"edm, lithuanian edm, lithuanian electronic, pop dance"
Dance,"edm, house, pop, uk dance, uk pop"
Dance,"edm, electropop, pop, pop dance, tropical house"
Dance,"edm, electropop, pop, pop dance, pop edm, tropical house"
Dance,"edm, electronic trap"
Dance,"edm, electro house, pop dance, tropical house"
Dance,"edm, electro house, pop dance, pop edm, progressive electro house, tropical house"
Dance,"edm, electro house, pop dance, pop edm"
Dance,"edm, electro house, house, moombahton, ninja, pop, pop dance, tropical house"
Dance,"edm, electro house, house"
Dance,"edm, electro house, future house, pop dance, pop edm, progressive electro house, progressive house"
Dance,"edm, electro house, electropop, pop, pop dance, tropical house"
Dance,"edm, electro house, electronic trap, trap, underground hip hop"
Dance,"edm, electro house, electronic trap, electropop, future bass, pop dance, pop edm, vapor twitch"
Dance,edm
Other,"eau claire indie, indie folk, melancholia"
Other,"easy listening, swing"
Other,easy listening
Hip-Hop,"east coast hip hop, hip hop, rap"
Other,"east coast hip hop, hardcore hip hop, hip hop"
Other,"east coast hip hop, hardcore hip hop"
Hip-Hop,"east coast hip hop, gangster rap, hip hop, pop rap, queens hip hop, rap"
Hip-Hop,"east coast hip hop, gangster rap, hardcore hip hop, hip hop, rap, southern hip hop"
Hip-Hop,"east coast hip hop, gangster rap, hardcore hip hop, hip hop, pop rap, rap"
International,"dutch trance, edm, pop dance, progressive house, trance"
International,dutch pop
International,"dutch house, dutch pop"
International,"dutch hip hop, dutch rap pop"
International,dutch hip hop
International,"dutch edm, dutch house, edm, electro house, pop dance, progressive electro house, slap house"
Hip-Hop,"dream smp, viral rap"
Other,dream smp
Dance,"downtempo, electronica"
International,"downtempo, dream pop, indietronica"
International,"dominican pop, pop reggaeton, urbano espanol"
International,"dominican pop, perreo, reggaeton, reggaeton flow, trap latino"
International,"dominican pop, perreo, rap latina, trap latino"
International,"dominican pop, latin pop, pop venezolano, reggaeton, trap latino"
International,"dominican pop, latin hip hop, rap dominicano, reggaeton, reggaeton flow, trap latino"
International,"dominican pop, latin arena pop, latin pop, latin viral pop, reggaeton, spanish pop"
Hip-Hop,"dmv rap, hip hop, rap, trap, underground hip hop"
Hip-Hop,"dmv rap, hip hop, pop, r&b, rap"
Rock,"disco, new wave pop, soft rock"
Other,"disco, funk, jazz funk, quiet storm, soul"
International,"disco, europop"
Other,"disco house, hip house, vocal house"
Other,disco
Hip-Hop,"dirty south rap, gangster rap, hip hop, pop rap, rap, southern hip hop, trap"
Hip-Hop,"dirty south rap, gangster rap, hip hop, memphis hip hop, pop rap, rap, southern hip hop, tennessee hip hop, trap"
Hip-Hop,"dfw rap, melodic rap, rap"
Hip-Hop,"detroit trap, rap, trap"
Hip-Hop,"detroit hip hop, hip hop, rap"
Hip-Hop,"detroit hip hop, hip hop, pop, pop rap, rap, southern hip hop, trap"
Hip-Hop,"detroit hip hop, hip hop, pop, pop rap, r&b, rap, southern hip hop, trap"
Hip-Hop,"detroit hip hop, detroit trap, hip hop, pop rap, rap, southern hip hop, trap"
Hip-Hop,detroit hip hop
International,"dembow, rap dominicano, reggaeton, trap latino"
International,"dembow, dominican pop, rap dominicano, trap latino"
Hip-Hop,"deep underground hip hop, kentucky hip hop, pop"
International,"deep tropical house, swedish tropical house, tropical house"
Other,"deep talent show, hollywood, movie tunes"
Other,deep talent show
International,"deep german hip hop, german hip hop, hamburg hip hop"
International,"deep german hip hop, german hip hop, german underground rap"
International,"deep german hip hop, german hip hop"
International,"deep german hip hop, german drill, german hip hop, german underground rap"
International,"deep german hip hop, german drill, german hip hop"
Other,"deep adult standards, vocal harmony group"
Hip-Hop,"dark trap, melodic rap, miami hip hop, rap, southern hip hop, trap, underground hip hop, vapor trap, viral rap"
Other,"dark clubbing, destroy techno"
International,"danish pop, pop, scandipop"
International,"dancehall, jamaican hip hop, reggae fusion, traphall"
International,"dancehall, jamaican dancehall, soca"
International,"dancehall, jamaican dancehall, reggae fusion"
International,"dancehall, dancehall queen, rap, uk dancehall, uk hip hop"
International,"dance pop, post-teen pop, tropical house, uk pop"
Dance,"dance pop, pop, viral pop"
Dance,"dance pop, pop, urban contemporary"
Dance,"dance pop, pop, uk pop"
Hip-Hop,"dance pop, pop, rap"
Dance,"dance pop, pop, r&b, urban contemporary"
Dance,"dance pop, pop, r&b, rap, uk contemporary r&b, urban contemporary"
Hip-Hop,"dance pop, pop, r&b, rap"
Dance,"dance pop, pop, r&b"
Dance,"dance pop, pop, post-teen pop, uk pop, viral pop"
Dance,"dance pop, pop, post-teen pop, uk pop"
Dance,"dance pop, pop, post-teen pop, transpop"
Dance,"dance pop, pop, post-teen pop, r&b, rap, uk pop, urban contemporary"
Dance,"dance pop, pop, post-teen pop"
Hip-Hop,"dance pop, pop, pop rap, urban contemporary"
Hip-Hop,"dance pop, pop, pop rap, seattle hip hop"
Hip-Hop,"dance pop, pop, pop rap, post-teen pop"
Hip-Hop,"dance pop, pop, pop rap"
Dance,"dance pop, pop, pop dance, scandipop, tropical house"
Dance,"dance pop, pop, pop dance, post-teen pop, tropical house, uk pop"
Hip-Hop,"dance pop, pop rap"
Dance,"dance pop, pop r&b, post-teen pop, r&b"
Dance,"dance pop, pop"
Hip-Hop,"dance pop, new jersey rap, pop, pop rap, rap, southern hip hop, trap"
Dance,"dance pop, neo mellow, pop, tropical house, uk pop"
Dance,"dance pop, neo mellow, pop, post-teen pop, uk pop"
Dance,"dance pop, neo mellow, pop, post-teen pop, talent show, uk pop"
Rock,"dance pop, neo mellow, pop, pop rock"
Hip-Hop,"dance pop, neo mellow, pop, pop rap, pop rock"
Hip-Hop,"dance pop, miami hip hop, pop, pop rap"
Dance,"dance pop, latin viral pop, pop, rap latina, reggaeton"
Dance,"dance pop, latin pop, mexican pop, puerto rican pop"
Dance,"dance pop, latin pop, mexican pop"
Dance,"dance pop, latin arena pop, latin pop, mexican pop, pop, post-teen pop"
Dance,"dance pop, indietronica, new rave"
Hip-Hop,"dance pop, hyphy, pop rap, rap, southern hip hop, viral rap"
Hip-Hop,"dance pop, hip pop, pop, r&b, southern hip hop, trap, urban contemporary"
Hip-Hop,"dance pop, hip pop, pop, queens hip hop, rap"
Dance,"dance pop, hip pop, pop, post-teen pop, uk pop"
Dance,"dance pop, hip pop, hollywood, neo soul, r&b, uk pop, urban contemporary"
Hip-Hop,"dance pop, hip hop, pop, pop rap, urban contemporary"
Hip-Hop,"dance pop, hip hop, pop, pop rap, r&b, southern hip hop, trap, trap soul"
Hip-Hop,"dance pop, hip hop, pop rap, rap, southern hip hop, trap"
Hip-Hop,"dance pop, hip hop, pop rap, r&b, rap, southern hip hop, urban contemporary"
Hip-Hop,"dance pop, hip hop, pop rap"
Hip-Hop,"dance pop, hip hop, pittsburgh rap, pop rap, rap, southern hip hop, trap"
Dance,"dance pop, hip hop, hip pop, r&b, urban contemporary"
Hip-Hop,"dance pop, hip hop, hip pop, pop rap, r&b, rap, urban contemporary, virginia hip hop"
Dance,"dance pop, girl group, pop, post-teen pop, talent show, uk pop"
Hip-Hop,"dance pop, gangster rap, hip hop, hip pop, pop rap, r&b, rap, trap, urban contemporary"
Dance,"dance pop, funk carioca, funk pop, pop, pop lgbtq+ brasileira, pop nacional"
Dance,"dance pop, eurodance, hands up, italo dance, pop dance"
Dance,"dance pop, electropop, pop, post-teen pop, uk pop, viral pop"
Dance,"dance pop, electropop, pop, pop dance, post-teen pop, tropical house, uk contemporary r&b, uk pop"
Dance,"dance pop, electropop, pop"
Dance,"dance pop, electropop, metropopolis, pop, uk alternative pop"
Dance,"dance pop, electropop, metropopolis, pop, swedish electropop, swedish pop, swedish synthpop, uk pop"
Dance,"dance pop, electropop, europop, swedish electropop, swedish idol pop, swedish pop, uk pop"
Dance,"dance pop, electropop, etherpop, indie poptimism, pop"
Dance,"dance pop, edm, pop, post-teen pop, uk pop"
Dance,"dance pop, edm, pop, post-teen pop"
Dance,"dance pop, edm, pop, pop rap, post-teen pop"
Dance,"dance pop, edm, pop, pop rap"
Dance,"dance pop, edm, pop, pop dance, tropical house, uk dance, uk pop"
Dance,"dance pop, edm, pop, pop dance, tropical house, uk dance"
Dance,"dance pop, edm, pop, pop dance, tropical house"
Dance,"dance pop, edm, pop, pop dance, post-teen pop, tropical house, uk pop"
Dance,"dance pop, edm, pop, pop dance, post-teen pop, tropical house, uk dance, uk funky, uk pop"
Dance,"dance pop, edm, pop, pop dance, pop rap"
Dance,"dance pop, edm, pop, pop dance, pop house, tropical house, uk dance, uk pop"
Dance,"dance pop, edm, miami hip hop, pop, pop rap"
Dance,"dance pop, edm, house, pop, pop dance, tropical house, uk pop"
Dance,"dance pop, edm, house, pop, pop dance, tropical house, uk dance, uk funky, uk pop"
Dance,"dance pop, edm, house, pop dance, tropical house, uk dance, uk pop"
Dance,"dance pop, edm, house, pop dance, tropical house, uk dance"
Dance,"dance pop, edm, german dance, pop dance, slap house, tropical house"
Dance,"dance pop, edm, electropop, pop, pop rap, post-teen pop, tropical house, uk pop"
Dance,"dance pop, edm, electropop, pop, pop rap"
Dance,"dance pop, edm, electropop, pop, pop dance, tropical house, uk pop"
Dance,"dance pop, edm, electropop, pop, pop dance, tropical house"
Dance,"dance pop, edm, electropop, pop, pop dance, post-teen pop, scandipop, swedish electropop, swedish pop, tropical house, uk pop"
Dance,"dance pop, edm, electropop, pop, pop dance, pop edm, tropical house, uk pop"
Dance,"dance pop, edm, electropop, indietronica, metropopolis, pop, uk pop"
Dance,"dance pop, edm, electropop, gauze pop, pop, pop dance, tropical house, uk pop"
Dance,"dance pop, edm, electronic trap, pop, pop dance, pop rap"
Dance,"dance pop, edm, electro house, pop, pop dance, tropical house"
Dance,"dance pop, edm, electro house, pop, pop dance, pop rap, tropical house"
Dance,"dance pop, edm, electro house, pop, pop dance, pop house, tropical house"
Dance,"dance pop, edm, electro house, pop, pop dance, pop edm, tropical house, uk pop"
Dance,"dance pop, edm, electro house, pop, pop dance, pop edm, tropical house"
Dance,"dance pop, edm, electro house, pop, pop dance, pop edm, swedish tropical house, tropical house, uk pop"
Dance,"dance pop, edm, electro house, pop, pop dance, pop edm, slap house, tropical house"
Dance,"dance pop, edm, electro house, pop dance, slap house, tropical house"
Dance,"dance pop, edm, electro house, pop dance, pop rap, tropical house"
Dance,"dance pop, edm, electro house, pop dance, pop edm, tropical house"
Dance,"dance pop, edm, electro house, norwegian pop, pop, pop dance, pop edm, tropical house, uk pop"
Dance,"dance pop, edm, electro house, moombahton, pop, pop dance, pop rap, tropical house"
Dance,"dance pop, edm, electro house, house, pop, progressive house, uk dance"
Dance,"dance pop, edm, electro house, house, pop, pop dance, pop rap, tropical house, uk dance, uk pop"
Dance,"dance pop, edm, electro house, house, pop dance, pop edm, tropical house"
Dance,"dance pop, edm, electro house, german dance, pop, pop dance, tropical house"
Dance,"dance pop, edm, electro house, german dance, pop dance, pop edm, tropical house"
Dance,"dance pop, edm, electro house, future house, house, pop dance, progressive electro house, progressive house, tropical house"
Dance,"dance pop, edm, electro house, electropop, pop, pop dance, tropical house, uk pop"
Dance,"dance pop, edm, electro house, electropop, pop, pop dance, pop edm, tropical house, uk pop"
Dance,"dance pop, edm, electro house, electropop, norwegian pop, pop, pop dance, pop edm, tropical house, uk pop"
Dance,"dance pop, edm, electro house, electropop, house, pop dance, tropical house"
Dance,"dance pop, edm, electro house, electropop, electropowerpop, pop, pop dance, pop edm, tropical house"
Hip-Hop,"dance pop, east coast hip hop, hip hop, hip pop, pop rap, r&b, rap"
Dance,"dance pop, dutch house, edm, electro house, pop, pop dance, progressive electro house, slap house, tropical house"
Dance,"dance pop, dutch edm, edm, electro house, pop, pop dance, progressive house, tropical house"
Dance,"dance pop, downtempo, pop, post-teen pop, shiver pop"
Dance,"dance pop, disco, hi-nrg, new wave pop"
Dance,"dance pop, disco, europop, mellow gold, new romantic, new wave, new wave pop, soft rock, synthpop"
Dance,"dance pop, disco house, edm, electro house, filter house, house, pop dance, tropical house, vocal house"
Dance,"dance pop, deep euro house, deep house, edm, german dance, pop, pop dance, tropical house"
Dance,"dance pop, danish pop, electropop, pop, tropical house, uk pop"
Dance,"dance pop, danish electronic, edm, electro house, pop, pop dance, pop edm, tropical house, uk pop"
Hip-Hop,"dance pop, dancehall, pop rap"
International,"cumbia, latin alternative, pop electronico, tropical alternativo"
International,cumbia pop
International,cumbia 420
International,"cubaton, reggaeton"
International,"cubaton, latin hip hop, latin pop"
International,"cubaton, dominican pop, pop venezolano, reggaeton, trap latino"
International,cubaton
Hip-Hop,"crunk, dirty south rap, gangster rap, hip hop, memphis hip hop, pop rap, rap, southern hip hop, trap"
Dance,"covertronica, dance pop, deep house, edm, electro house, pop dance, pop edm, tropical house"
Rock,"country, country rock"
Other,"country, country dawn, pop"
Other,"contemporary country, outlaw country"
Other,"contemporary country, country, pop, texas country"
Other,"contemporary country, country, pop"
Other,"contemporary country, country, country road, pop, texas country"
Other,"contemporary country, country, country road, pop"
Other,"contemporary country, country, country road, oklahoma country"
Rock,"contemporary country, country, country road, modern country rock"
Other,"contemporary country, country, country road"
Rock,"contemporary country, country, country pop, country road, modern country rock"
Other,"contemporary country, country, country pop, country road"
Other,"contemporary country, country, country dawn, country pop, country road"
Other,"contemporary country, country"
Hip-Hop,"conscious hip hop, hip hop, rap, west coast rap"
Hip-Hop,"conscious hip hop, hip hop, rap, underground hip hop"
Hip-Hop,"conscious hip hop, hip hop, pop rap, rap"
Hip-Hop,"conscious hip hop, hip hop, north carolina hip hop, rap"
Hip-Hop,"conscious hip hop, gangster rap, hip hop, pop rap, rap, southern hip hop, trap, underground hip hop"
Hip-Hop,"conscious hip hop, gangster rap, hip hop, pop rap, rap, southern hip hop, trap"
Hip-Hop,"conscious hip hop, escape room, hip hop, rap, underground hip hop"
Other,"conscious hip hop, east coast hip hop, old school hip hop"
Hip-Hop,"conscious hip hop, east coast hip hop, gangster rap, hardcore hip hop, hip hop, queens hip hop, rap"
Hip-Hop,"conscious hip hop, dmv rap, hip hop, pop rap, rap"
International,"complextro, dance pop, edm, electro house, electropop, german techno, pop, pop dance, pop rap, uk pop"
International,"complextro, dance pop, edm, electro house, electropop, german techno, pop, pop dance, pop rap, tropical house, uk pop"
Hip-Hop,"comedy rap, pop rap, rap"
International,"colombian pop, reggaeton, reggaeton flow, trap latino"
International,"colombian pop, reggaeton, reggaeton colombiano, trap latino"
International,"colombian pop, reggaeton colombiano"
International,"colombian pop, pop reggaeton, reggaeton colombiano, trap latino"
International,"colombian pop, pop"
International,"colombian pop, latin pop, reggaeton, reggaeton colombiano, trap latino"
International,"colombian pop, dance pop, latin pop"
International,"colombian hip hop, dominican pop, latin pop, reggaeton, reggaeton colombiano, trap latino"
International,"colombian hip hop, colombian pop, colombian rock, latin alternative, latin pop, reggaeton colombiano, salsa choke, tropical"
International,"classical tenor, italian tenor, operatic pop"
International,"classic uk pop, new wave pop, rock-and-roll, rockabilly, soft rock"
International,"classic uk pop, new wave pop"
Other,"classic soul, jazz blues, memphis soul, soul, southern soul"
Rock,"classic rock, heartland rock, mellow gold, permanent wave, rock, singer-songwriter"
Rock,"classic rock, glam rock, rock"
International,"classic arab pop, rai"
International,"circuit, guaracha, perreo"
International,"christlicher rap, german hip hop"
Dance,chinese electropop
Other,"chill r&b, pop r&b, post-teen pop, r&b, urban contemporary"
Other,"chill r&b, pop"
Other,"chill pop, pop"
International,"chilean hardcore, trap latino"
Other,"chihuahua indie, indie triste, mexican indie"
Hip-Hop,chicano rap
Other,"chicago soul, classic soul, funk, neo soul, quiet storm, soul"
Hip-Hop,"chicago rap, rap"
Hip-Hop,"chicago rap, melodic rap, pop rap, rap, trap, vapor trap"
Hip-Hop,"chicago rap, melodic rap"
Hip-Hop,"chicago rap, drill, rap, southern hip hop, trap, underground hip hop, vapor trap, viral rap"
Hip-Hop,"chicago rap, dance pop, pop, pop rap, r&b, urban contemporary"
Hip-Hop,"chicago rap, conscious hip hop, hip hop, pop rap, rap"
Hip-Hop,chicago rap
Other,chicago indie
Other,chicago house
Hip-Hop,"chicago drill, chicago rap, drill, hip hop, rap, trap"
Hip-Hop,"chicago drill, chicago rap, drill, hip hop, rap, southern hip hop, trap"
Hip-Hop,"chicago bop, chicago drill, chicago rap, drill, hip hop, rap, southern hip hop, trap, underground hip hop"
Other,channel pop
Other,"channel islands indie, hyperpop, vapor soul"
International,"champeta, colombian pop, latin pop, tropical, vallenato"
International,"champeta, colombian pop, electro latino, latin pop, reggaeton, reggaeton colombiano"
International,"celtic, celtic punk, celtic rock, folk punk, irish folk, punk"
International,"celtic rock, neo mellow, pop, pop rock, uk pop"
Other,"candy pop, pixie, pop emo, pop punk"
International,"canadian pop, pop"
International,"canadian pop, dance pop, pop, viral pop"
International,"canadian pop, candy pop, dance pop, pop, post-teen pop"
International,canadian pop
International,"canadian old school hip hop, reggae fusion"
International,"canadian latin, canadian pop, dance pop, pop, pop rap"
International,"canadian hip hop, trap soul"
International,"canadian hip hop, pop"
International,"canadian hip hop, dark trap, vapor trap"
International,"canadian hip hop, canadian trap, pop rap, toronto rap, trap, trap soul"
International,"canadian hip hop, canadian trap, melodic rap, pop, pop rap, r&b, rap, toronto rap, trap"
International,"canadian hip hop, canadian trap, hip hop, melodic rap, rap, toronto rap, trap"
International,"canadian hip hop, canadian trap"
International,"canadian hip hop, canadian pop, hip hop, rap, toronto rap"
International,"canadian electronic, electro house, electronic trap, turntablism"
International,"canadian electronic, electro house"
International,"canadian electronic, dance pop, edm, electro house, electropop, pop, pop dance, pop edm, progressive electro house, slap house, tropical house"
International,"canadian country, canadian pop, country, country dawn, dance pop"
International,"canadian country, canadian pop, country, country dawn"
International,"canadian contemporary r&b, pop, r&b"
International,"canadian contemporary r&b, canadian pop, pop, r&b"
International,"canadian contemporary r&b, canadian pop, pop"
International,"canadian contemporary r&b, canadian pop, dance pop, electropop, pop, post-teen pop, uk pop"
International,"canadian contemporary r&b, canadian hip hop, toronto rap, trap soul"
Other,cameroonian pop
Hip-Hop,"cali rap, underground hip hop"
Hip-Hop,"cali rap, trap, vapor trap, viral rap"
Hip-Hop,"cali rap, trap"
Hip-Hop,"cali rap, pop, pop rap, rap"
Hip-Hop,"cali rap, pop rap, sacramento hip hop, southern hip hop, trap"
Hip-Hop,"cali rap, oakland hip hop, scam rap, trap soul, underground hip hop, vapor trap"
Hip-Hop,"cali rap, melodic rap, pop, pop rap, rap, trap"
Hip-Hop,"cali rap, hip hop, pop, pop rap, rap, southern hip hop, trap"
Hip-Hop,"cali rap, gangster rap, hip hop, pop, pop rap, rap, southern hip hop, trap"
Hip-Hop,"cali rap, gangster rap, hip hop, pop rap, rap, southern hip hop, trap"
Hip-Hop,"cali rap, dfw rap, rap, trap, vapor trap, viral rap"
Hip-Hop,"cali rap, dance pop, pop, rap, trap queen"
Hip-Hop,cali rap
International,"bubblegum dance, eurodance, europop, italian adult pop, italo dance"
International,"bubblegum dance, eurodance, europop"
Rock,"bubblegrunge, chicago indie, indie pop, indie rock"
Dance,"brostep, dance pop, edm, pop, pop dance, progressive electro house"
Dance,"brostep, complextro, edm, electro"
Hip-Hop,"brooklyn drill, nyc rap"
Hip-Hop,"brooklyn drill, new york drill, rap, trap"
Hip-Hop,"brooklyn drill, melodic rap, nyc rap"
Other,brooklyn drill
Other,"broadway, hollywood, show tunes"
International,"british soul, pop, pop soul, uk pop"
International,"british soul, dance pop, uk pop"
International,"british soul, dance pop, europop, neo mellow, pop, post-teen pop, talent show, uk pop"
Other,british soul
International,"british indie rock, modern rock, rock"
Other,"brill building pop, classic girl group, soul"
Other,"brega funk, funk carioca"
Other,brega funk
Other,"brazilian hip hop, funk ostentacao"
International,"brazilian edm, pop nacional"
International,"brazilian edm, nova mpb"
Other,"boy band, pop, post-teen pop, talent show"
International,"boy band, latin pop, reggaeton"
Hip-Hop,"boy band, hip hop, pop, rap"
International,"boy band, dance pop, pop, post-teen pop, uk pop"
Other,"boy band, dance pop"
Hip-Hop,"boston hip hop, hip hop, pop rap, rap"
Other,"boom bap, east coast hip hop, hardcore hip hop"
International,"bolobedu house, south african house"
International,"bolero, latin pop, puerto rican pop"
Rock,"blues rock, classic rock, rock, rock-and-roll, rockabilly"
Rock,"blues rock, classic rock, mexican classic rock"
Hip-Hop,"black americana, country rap"
Other,"black americana, contemporary country, country, country road"
Hip-Hop,"birmingham grime, grime, instrumental grime, rap"
International,"big room, edm, electro house, funky tech house, german techno, pop dance, pop edm, progressive electro house, progressive house"
Dance,"big room, dance pop, edm, pop, pop dance"
Dance,"big room, dance pop, dutch house, edm, electro house, pop dance, pop rap, progressive house, tropical house"
Dance,"big room, dance pop, dutch edm, edm, electro house, house, pop dance, pop edm, progressive electro house, progressive house, tropical house"
Dance,"big room, brostep, dance pop, dutch edm, edm, house, pop, pop dance, slap house, trance, tropical house"
Dance,"bergen indie, electropop, nz pop"
International,"belgian pop, variete francaise"
International,"belgian hip hop, french hip hop, pop urbaine, rap belge, rap francais"
International,"belgian hip hop, french hip hop, pop urbaine, rap belge, rap conscient"
International,belgian edm
International,"belgian dance, belgian edm, big room, dance pop, edm, electro house, pop dance, progressive electro house, tropical house"
Other,"bedroom soul, pop"
Other,"bedroom soul, chill r&b, pop"
Other,"bedroom pop, pop"
Other,"bedroom pop, indie pop, pop"
Rock,"bedroom pop, indie pop, indie poptimism, modern rock"
Other,"bedroom pop, indie pop"
Other,"bedroom pop, bubblegrunge, indie pop, pop"
Rock,"beatlesque, experimental rock"
Rock,"beatlesque, britpop, madchester, permanent wave, pop rock, rock"
Other,beatlesque
Other,"bboy, funk, instrumental funk, modern funk"
Hip-Hop,"battle rap, dirty south rap, pop rap, rap, southern hip hop, trap"
Hip-Hop,"baton rouge rap, trap"
Hip-Hop,baton rouge rap
International,"basshall, turkish trap"
Other,"basshall, francoton, pop urbaine"
Hip-Hop,"basshall, dutch hip hop, dutch house, dutch rap pop"
Other,"basshall, dancehall"
Other,basshall
International,"baroque pop, pop, uk alternative pop"
Rock,"baroque pop, brill building pop, classic rock, psychedelic rock, rock, sunshine pop"
Other,"barbadian pop, dance pop, pop, urban contemporary"
Other,"banda, musica mexicana, norteno"
International,"bachata, latin hip hop, latin pop"
Other,"bachata, hollywood, show tunes"
Other,bachata
International,"australian rock, hard rock, rock"
International,"australian psych, neo-psychedelic"
International,"australian pop, pop, uk pop"
International,"australian pop, pop soul"
International,"australian pop, pop"
International,"australian pop, dance pop, pop, viral pop"
International,"australian pop, dance pop, pop, post-teen pop, social media pop, teen pop"
International,"australian pop, dance pop, neo mellow, pop, uk pop"
International,"australian pop, dance pop, neo mellow, pop, pop dance, post-teen pop, tropical house, uk pop"
International,"australian pop, dance pop, edm, electropop, pop, pop rap, post-teen pop, tropical house, uk pop"
International,"australian pop, channel pop, neo mellow, pop rock, post-teen pop, uk pop, viral pop"
International,"australian pop, boy band, dance pop, pop, post-teen pop, uk pop"
International,"australian pop, australian talent show"
International,australian pop
International,"australian hip hop, pop"
International,"australian hip hop, dance pop, hip pop, pop, pop rap, post-teen pop, rap, uk pop, viral rap"
International,australian hip hop
International,"australian dance, australian pop, dance pop, pop"
International,"australian dance, australian pop, dance pop, electropop, eurodance, europop, new wave pop, pop, uk pop"
International,"australian dance, australian electropop, australian indie, downtempo, edm"
International,australian dance
International,"australian country, australian pop, contemporary country, country, country road"
International,"aussietronica, australian pop, dance pop, deep tropical house, edm, electropop, pop dance, pop edm, tropical house, uk pop"
Hip-Hop,"atl trap, houston rap, memphis hip hop, vapor trap"
Hip-Hop,"atl trap, drill, gangster rap, pop rap, rap, southern hip hop, trap, vapor trap"
Hip-Hop,atl trap
Hip-Hop,"atl hip hop, rap, trap"
Hip-Hop,"atl hip hop, rap, southern hip hop, trap"
Hip-Hop,"atl hip hop, pop rap, rap, southern hip hop, trap, underground hip hop"
Hip-Hop,"atl hip hop, plugg, pluggnb, rap"
Hip-Hop,"atl hip hop, melodic rap, rap, southern hip hop, trap, underground hip hop, vapor trap, viral rap"
Hip-Hop,"atl hip hop, lgbtq+ hip hop, trap"
Hip-Hop,"atl hip hop, hip hop, rap, southern hip hop, trap"
Hip-Hop,"atl hip hop, hip hop, psychedelic hip hop, rap, underground hip hop"
Hip-Hop,"atl hip hop, hip hop, pop, rap"
Hip-Hop,"atl hip hop, hip hop, pop rap, rap, trap"
Hip-Hop,"atl hip hop, hip hop, pop rap, rap, southern hip hop, trap"
Hip-Hop,"atl hip hop, hip hop, melodic rap, rap, trap, viral rap"
Hip-Hop,"atl hip hop, hip hop, melodic rap, rap, trap, underground hip hop, viral rap"
Hip-Hop,"atl hip hop, hip hop, melodic rap, rap, trap"
Hip-Hop,"atl hip hop, hip hop, melodic rap, pop, r&b, rap, trap"
Hip-Hop,"atl hip hop, hip hop, melodic rap, pop rap, rap, southern hip hop, trap"
Hip-Hop,"atl hip hop, hip hop, melodic rap, pop r&b, pop rap, r&b, rap, southern hip hop, trap, viral rap"
Hip-Hop,"atl hip hop, hip hop, melodic rap, plugg, pop rap, rap, southern hip hop, trap, vapor trap, viral rap"
Hip-Hop,"atl hip hop, hip hop, melodic rap, plugg, pop rap, rap, southern hip hop, trap, vapor trap"
Hip-Hop,"atl hip hop, gangster rap, hip hop, pop rap, rap, southern hip hop, trap"
Hip-Hop,"atl hip hop, dirty south rap, hip hop, old school atlanta hip hop, pop rap, rap, southern hip hop"
Hip-Hop,"atl hip hop, dirty south rap, gangster rap, hip hop, pop rap, rap, southern hip hop, trap"
Hip-Hop,"atl hip hop, dance pop, dirty south rap, gangster rap, hip hop, pop rap, rap, southern hip hop, trap"
Other,"atl hip hop, contemporary r&b, hip pop, pop r&b, r&b, urban contemporary"
Other,"atl hip hop, contemporary r&b, dance pop, pop, r&b, south carolina hip hop, urban contemporary"
Hip-Hop,"atl hip hop, atl trap, rap, trap"
Hip-Hop,"atl hip hop, atl trap, gangster rap, hip hop, melodic rap, pop rap, rap, southern hip hop, trap"
Other,atl hip hop
Rock,"art rock, classic rock, glam rock, permanent wave, rock"
Other,"art pop, pop"
Other,"art pop, norwegian pop"
Other,"art pop, metropopolis, nz pop, pop, yakut pop"
Dance,"art pop, electropop, pop"
Other,"art pop, dance pop, pop"
International,"art pop, candy pop, dance pop, electropop, metropopolis, pop, post-teen pop, uk pop"
International,"arrochadeira, brega funk, funk carioca"
International,"arrochadeira, brega funk"
International,"arrocha, sertanejo, sertanejo universitario"
International,"arrocha, sertanejo, sertanejo pop, sertanejo universitario"
International,"arrocha, sertanejo universitario"
International,"arrocha, sertanejo"
International,"arrocha, pop nacional, sertanejo pop, sertanejo universitario"
International,"arrocha, piseiro"
International,"arrocha, funk carioca, funk ostentacao, funk pop"
International,"arrocha, forro, sertanejo, sertanejo pop, sertanejo universitario"
International,"arrocha, forro, piseiro"
International,"arrocha, forro de favela, funk carioca"
International,"arrocha, forro"
International,"arrocha, brega funk"
International,arrocha
International,"argentine indie, trap argentino"
International,"argentine hip hop, trap argentino, trap latino, trap triste"
International,"argentine hip hop, trap argentino, trap latino"
International,"argentine hip hop, rap latina, reggaeton, trap argentino, trap latino"
International,"argentine hip hop, r&b argentino, trap argentino, trap latino"
International,"argentine hip hop, pop venezolano, trap argentino"
International,"argentine hip hop, bases de freestyle, trap argentino, trap latino"
Rock,"alternative rock, dance rock, permanent wave, rock"
Rock,"alternative rock, dance rock, permanent wave"
Hip-Hop,"alternative r&b, lgbtq+ hip hop, nyc rap, pop rap, rap, trap, viral rap"
Hip-Hop,"alternative r&b, indie r&b, pop, post-teen pop, r&b, rap, urban contemporary"
Hip-Hop,"alternative r&b, indie r&b, indie soul, underground hip hop"
Hip-Hop,"alternative r&b, escape room, lgbtq+ hip hop, pop, trap queen, viral rap"
Hip-Hop,"alternative r&b, escape room, indie soul, rap"
Hip-Hop,"alternative r&b, detroit hip hop, hip pop, pop r&b, r&b, rap, trap queen"
Hip-Hop,"alternative r&b, chill r&b, indie r&b, indie soul, lgbtq+ hip hop, r&b"
Hip-Hop,"alternative r&b, art pop, escape room"
Dance,"alternative r&b, art pop, chillwave, electropop, escape room, etherpop, indie pop, pop, shiver pop"
Rock,"alternative pop rock, pop"
Hip-Hop,"alternative metal, nu metal, rap metal"
Hip-Hop,"alternative metal, nu metal, post-grunge, rap metal"
International,"alternative metal, german metal, industrial, industrial metal, industrial rock, neue deutsche harte"
Hip-Hop,"alternative hip hop, gangster rap, hardcore hip hop, hip hop, rap, southern hip hop, trap, virginia hip hop"
Hip-Hop,"alternative hip hop, east coast hip hop, hardcore hip hop, hip hop, neo soul, queens hip hop"
Hip-Hop,"alternative hip hop, east coast hip hop, hardcore hip hop, hip hop"
Hip-Hop,"alternative hip hop, east coast hip hop, gangster rap, hardcore hip hop, hip hop, rap, southern hip hop"
Hip-Hop,"alternative hip hop, east coast hip hop, gangster rap, hardcore hip hop, hip hop, rap"
Hip-Hop,"alternative hip hop, detroit hip hop, gangster rap, hardcore hip hop, hip hop, pop rap, rap, southern hip hop"
Hip-Hop,"alternative hip hop, conscious hip hop, hip hop, psychedelic hip hop, rap, southern hip hop, underground hip hop"
Hip-Hop,"alternative hip hop, conscious hip hop, escape room, hip hop, rap, southern hip hop, underground hip hop"
Hip-Hop,"alternative hip hop, boom bap, east coast hip hop, hip hop"
Hip-Hop,"alternative hip hop, battle rap, hardcore hip hop"
Hip-Hop,"alternative hip hop, atl hip hop, conscious hip hop, escape room, old school atlanta hip hop, political hip hop, southern hip hop"
Hip-Hop,alternative hip hop
International,"alternative dance, australian dance, filter house, indietronica, new rave, nu disco"
Other,alte
Pop,"alt z, pop, uk pop"
Other,"alt z, pop"
Other,"alt z, nz pop, pop"
Other,"alt z, modern alternative pop"
Other,"alt z, la pop"
Pop,"alt z, gen z singer-songwriter, pop, uk pop"
Other,"alt z, gen z singer-songwriter, indie pop, modern indie pop, pop"
Pop,"alt z, electropop, pop, uk pop"
Pop,"alt z, electropop, pop, tropical house, uk pop"
Pop,"alt z, electropop, pop, swedish pop, uk pop"
Dance,"alt z, electropop, pop"
Pop,"alt z, electropop, indie poptimism, uk pop"
Pop,"alt z, electropop, indie poptimism, pop, post-teen pop, uk pop"
Pop,"alt z, electropop, indie poptimism, indietronica, pop, post-teen pop, social media pop, uk pop"
Pop,"alt z, electropop, indie electropop, indie poptimism, uk pop"
Pop,"alt z, electropop, indie electropop, indie poptimism, la pop, pop, uk pop, vapor soul"
Dance,"alt z, dream smp, electropop, pop"
Dance,"alt z, deep pop edm, electropop, indie poptimism, pop"
Other,"alt z, dark pop, pop, post-teen pop"
Pop,"alt z, dance pop, pop, post-teen pop, uk pop"
Other,"alt z, dance pop, pop, post-teen pop, social media pop"
Pop,"alt z, dance pop, norwegian pop, pop, tropical house, uk pop"
Pop,"alt z, dance pop, electropop, pop, post-teen pop, uk pop"
Dance,"alt z, dance pop, electropop, pop, post-teen pop"
Pop,"alt z, dance pop, electropop, indie poptimism, pop, uk pop"
Pop,"alt z, dance pop, electropop, indie poptimism, pop, post-teen pop, talent show, uk pop"
Dance,"alt z, dance pop, electropop, indie poptimism, pop"
Pop,"alt z, dance pop, edm, electropop, pop, pop dance, post-teen pop, tropical house, uk pop"
International,"alt z, canadian pop, electropop, pop, post-teen pop, uk pop"
International,"alt z, canadian contemporary r&b, neo mellow, pop, uk pop"
Dance,"alt z, brooklyn indie, dark pop, electropop, indie electropop, indie pop, indie poptimism, metropopolis, nyc pop, pop, vapor pop, vapor soul"
International,"alt z, australian pop, electropop, pop, post-teen pop, swedish pop, viral pop"
International,"alt z, australian pop, electropop, pop, post-teen pop, swedish electropop"
International,"alt z, australian pop, dance pop, electropop, nyc pop, pop, pop dance, pop edm, post-teen pop, tropical house, uk pop"
Dance,"alt z, art pop, electropop, indie pop, indie poptimism, nyc pop, pop"
Rock,"album rock, classic rock, rock, soft rock, yacht rock"
Rock,"album rock, classic rock, permanent wave, rock"
Rock,"album rock, classic rock, mellow gold, rock, soft rock, yacht rock"
Rock,"album rock, classic rock, mellow gold, new wave pop, rock, soft rock, yacht rock"
Rock,"album rock, classic rock, hard rock, mellow gold, rock, soft rock"
Rock,"album rock, classic rock, country rock, folk rock, heartland rock, mellow gold, rock, singer-songwriter, soft rock, yacht rock"
Rock,"album rock, classic rock, country rock, folk rock, heartland rock, mellow gold, pop rock, rock, singer-songwriter, soft rock"
Rock,"album rock, birmingham metal, hard rock, metal, rock"
Rock,"album rock, beatlesque, classic rock, folk rock, mellow gold, rock, soft rock"
Rock,"album rock, art rock, blues rock, classic rock, mellow gold, soft rock, sophisti-pop"
Rock,"album rock, art rock, blues rock, classic rock, mellow gold, new wave pop, soft rock, sophisti-pop"
Rock,"album rock, art rock, beatlesque, classic rock, mellow gold, rock"
International,alberta hip hop
International,"albanian hip hop, kosovan pop"
International,"albanian hip hop, german hip hop"
International,"albanian hip hop, german drill, german hip hop"
Hip-Hop,"alabama rap, rap, trap, vapor trap, viral rap"
Hip-Hop,alabama rap
International,"afroswing, uk dancehall, uk hip hop"
International,"afroswing, london rap, uk hip hop"
International,"afroswing, grime, uk hip hop"
International,"afroswing, grime, london rap, uk alternative hip hop, uk hip hop"
Other,afroswing
Other,"afropop, malian blues, mande pop, wassoulou, world"
Hip-Hop,"afrofuturismo brasileiro, bass trap, electronic trap, funk carioca, pop nacional"
Other,"afrofuturism, pop"
Other,"afrofuturism, alternative r&b, dance pop, escape room, hip pop, indie soul, neo soul, pop, r&b, urban contemporary"
Other,"afrofuturism, alternative r&b, art pop, escape room, experimental r&b, pop, trip hop"
International,"afro soul, south african pop"
International,"afro house, deep house, south african house, south african pop dance"
Other,"afro dancehall, dancehall, nigerian hip hop, nigerian pop"
International,"afro dancehall, azonto, dance pop, uk pop"
International,"afro dancehall, afropop, ghanaian hip hop, nigerian pop, swedish dancehall"
Other,"afro dancehall, afropop, azonto, nigerian hip hop, nigerian pop"
Hip-Hop,"aesthetic rap, meme rap, viral rap"
Other,"adult standards, lounge, vocal jazz"
Other,"adult standards, lounge, torch song, vocal jazz"
Other,"adult standards, jump blues, lounge, swing, vocal jazz"
Other,"adult standards, jazz trio, lounge"
Other,"adult standards, jazz blues, lounge, swing, vocal jazz"
Other,"adult standards, hollywood, lounge, torch song, vocal jazz"
Other,"adult standards, easy listening, lounge, vocal jazz"
Other,"adult standards, easy listening, lounge"
Rock,"adult standards, disco, jazz funk, jazz guitar, quiet storm, smooth jazz, soul jazz, yacht rock"
Other,"adult standards, cowboy western, oklahoma country, traditional country, yodeling"
International,"adult standards, canadian pop, jazz pop, lounge"
Other,"adult standards, brill building pop, easy listening, lounge, vocal jazz"
Rock,"adult standards, brill building pop, easy listening, lounge, rockabilly"
Other,"adult standards, brill building pop, easy listening, lounge, mellow gold"
Other,"adult standards, brill building pop"
Other,"adult standards, american folk revival, lounge"
Rock,"acoustic pop, neo mellow, pop, pop rock"
Other,a cappella
